Country Name,Country Code,Series Name,Series Code,2008 [YR2008],2009 [YR2009],2010 [YR2010],2011 [YR2011],2012 [YR2012],2013 [YR2013],2014 [YR2014],2015 [YR2015],2016 [YR2016],2017 [YR2017],2018 [YR2018],2019 [YR2019],2020 [YR2020],2021 [YR2021],2022 [YR2022],2023 [YR2023],2024 [YR2024]
Burundi,BDI,"GDP per capita, PPP (current international $)",NY.GDP.PCAP.PP.CD,609.042906461819,604.588154080249,613.695880049889,628.665448296178,637.247080191101,687.370968311715,724.371954183273,722.032898379933,764.282221636916,791.393494929898,823.013102241659,868.423731660834,958.135599490084,1035.53857384938,1104.77718764878,1149.98405842389,1194.94681370387
Burundi,BDI,Poverty headcount ratio at $3.00 a day (2021 PPP) (% of population),SI.POV.DDAY,..,..,..,..,..,75.8,..,..,..,..,..,..,74.2,..,..,..,..
Burundi,BDI,Rural population (% of total population),SP.RUR.TOTL.ZS,89.8935646616965,89.5020099565518,89.0156902664513,88.4383347769994,87.7755403195385,87.0329037254108,86.2160218259587,85.3304914525246,84.3819094364506,83.3758726090791,82.3179778017525,81.213821845813,80.0690015726029,78.8891138134646,77.6797553997403,76.4465231627724,75.1697161348975
Burundi,BDI,"Government expenditure per student, primary (% of GDP per capita)",SE.XPD.PRIM.PC.ZS,13.63167,15.87194,14.43146,14.45543,12.6662,12.92904,..,..,..,..,..,..,..,..,..,..,..
Burundi,BDI,"Government expenditure per student, secondary (% of GDP per capita)",SE.XPD.SECO.PC.ZS,..,44.65009,48.60981,40.64224,32.87148,31.24881,..,..,..,..,..,..,..,..,..,..,..
Burundi,BDI,"Government expenditure per student, tertiary (% of GDP per capita)",SE.XPD.TERT.PC.ZS,409.50155,391.45639,362.15911,345.65739,319.20286,308.79845,..,..,..,..,..,..,..,..,..,..,..
Burundi,BDI,"Government expenditure on education, total (% of GDP)",SE.XPD.TOTL.GD.ZS,5.19290018081665,6.17194986343384,6.77524995803833,6.31925010681152,6.16777992248535,5.99539995193481,6.78452014923096,6.37133979797363,4.69199991226196,4.76202011108398,5.07864999771118,5.34668445378401,5.32158506838731,4.87114173892375,..,..,..
Burundi,BDI,"Government expenditure on education, total (% of government expenditure)",SE.XPD.TOTL.GB.ZS,12.6155395507812,16.3016891479492,16.5881004333496,14.9792995452881,16.4283199310303,17.2432594299316,23.8400001525879,27.4972400665283,20.784610748291,19.7648506164551,19.5192604064941,21.2221666369194,20.7419523430914,20.4385400056007,20.6370838073023,..,..
Burundi,BDI,"Adolescent fertility rate (births per 1,000 women ages 15-19)",SP.ADO.TFRT,72.445,76.535,77.842,75.565,72.048,67.548,64.713,62.718,60.404,58.504,57.37,56.534,55.673,54.826,54.08,53.364,..
Burundi,BDI,Expenditure on primary education (% of government expenditure on education),SE.XPD.PRIM.ZS,51.78716,53.26733,45.41761,49.70045,43.99556,45.42999,..,..,..,..,..,..,..,..,..,..,..
Burundi,BDI,Expenditure on secondary education (% of government expenditure on education),SE.XPD.SECO.ZS,24.36195,24.89275,27.91719,27.35601,24.21594,26.81717,..,..,..,..,..,..,..,..,..,..,..
Burundi,BDI,Expenditure on tertiary education (% of government expenditure on education),SE.XPD.TERT.ZS,21.20969,18.34551,18.03359,17.45981,20.57904,24.23367,..,..,..,..,..,..,..,..,..,..,..
Burundi,BDI,"Labor force participation rate for ages 15-24, female (%) (modeled ILO estimate)",SL.TLF.ACTI.1524.FE.ZS,66.102,64.749,63.372,61.972,60.552,59.114,57.661,58.168,58.696,58.877,58.731,58.407,58.083,58.44,57.994,57.847,57.718
Burundi,BDI,"Labor force participation rate for ages 15-24, female (%) (national estimate)",SL.TLF.ACTI.1524.FE.NE.ZS,54.03,..,..,..,..,..,57.661,..,..,..,..,..,58.083,..,..,..,..
Burundi,BDI,"Labor force participation rate for ages 15-24, male (%) (modeled ILO estimate)",SL.TLF.ACTI.1524.MA.ZS,57.291,55.59,53.876,52.153,50.425,48.696,46.97,47.938,48.944,49.289,49.011,48.394,54.232,47.974,48.243,48.107,47.917
Burundi,BDI,"Labor force participation rate for ages 15-24, male (%) (national estimate)",SL.TLF.ACTI.1524.MA.NE.ZS,44.94,..,..,..,..,..,46.97,..,..,..,..,..,54.232,..,..,..,..
Burundi,BDI,"Labor force participation rate for ages 15-24, total (%) (modeled ILO estimate)",SL.TLF.ACTI.1524.ZS,61.705,60.181,58.637,57.075,55.501,53.917,52.326,53.059,53.819,54.079,53.867,53.399,56.157,53.207,53.119,52.978,52.819
Burundi,BDI,"Labor force participation rate for ages 15-24, total (%) (national estimate)",SL.TLF.ACTI.1524.NE.ZS,49.76,..,..,..,..,..,52.9,..,..,..,..,..,56.406,..,..,..,..
Burundi,BDI,"Labor force participation rate, female (% of female population ages 15+) (modeled ILO estimate)",SL.TLF.CACT.FE.ZS,78.219,78.77,79.267,79.631,79.95,80.235,80.46,80.778,81.001,81.087,81.073,80.888,78.558,80.488,80.249,79.98,79.728
Burundi,BDI,"Labor force participation rate, female (% of female population ages 15+) (national estimate)",SL.TLF.CACT.FE.NE.ZS,70.15,..,..,..,..,..,79.831,..,..,..,..,..,78.253,..,..,..,..
Burundi,BDI,"Labor force participation rate, female (% of female population ages 15-64) (modeled ILO estimate)",SL.TLF.ACTI.FE.ZS,79.12,79.722,80.272,80.687,81.056,81.392,81.662,82.007,82.277,82.394,82.395,82.206,79.252,81.752,81.566,81.292,81.036
Burundi,BDI,Population growth (annual %),SP.POP.GROW,4.12553206908571,5.06613607694958,4.68101057302388,3.57769854786004,3.56852147814432,3.59186709345175,3.39447686677984,2.26851729292704,1.72186004024144,2.35048627086438,3.01898182778662,3.28367531420808,2.9086530249822,2.72425539520386,2.70585008916716,2.72764441044431,2.5839340108674
Burundi,BDI,Women who were first married by age 15 (% of women ages 20-24),SP.M15.2024.FE.ZS,..,..,2.5,..,..,..,..,..,..,2.8,..,..,..,..,..,..,..
Burundi,BDI,Women who were first married by age 18 (% of women ages 20-24),SP.M18.2024.FE.ZS,..,..,20.4,..,..,..,..,..,..,19,..,..,..,..,..,..,..
Burundi,BDI,Women's share of population ages 15+ living with HIV (%),SH.DYN.AIDS.FE.ZS,59.2453411711226,59.2821855673257,59.3521594733286,59.4426251640219,59.7122568926203,60.2203926679736,60.7219114764303,61.2081687360168,61.5910010866273,61.9150887789363,62.1899459681322,62.4231077004846,62.6202251897026,62.805789896126,62.979027201647,63.1728601345052,63.344571434151
Cameroon,CMR,"GDP per capita, PPP (current international $)",NY.GDP.PCAP.PP.CD,2870.44106866605,2878.95143886138,2913.94292755606,2988.8172872551,3059.64226568251,3238.86829843733,3422.26128158344,3497.66067563959,3626.99932028578,3767.43072883824,4010.76360069526,4241.11174920592,4365.44704128392,4793.55628200196,5188.97750866081,5410.76921937642,5588.98645861945
Cameroon,CMR,Poverty headcount ratio at $3.00 a day (2021 PPP) (% of population),SI.POV.DDAY,..,..,..,..,..,..,29,..,..,..,..,..,..,26.7,..,..,..
Cameroon,CMR,Rural population (% of total population),SP.RUR.TOTL.ZS,49.9141674731331,49.5285868664322,49.1494924628638,48.7770156965875,48.4112880017139,48.0524408122976,47.7006055623291,47.3559136857258,47.0184966163208,46.6884857878496,46.3660126339347,46.0512085880669,45.7442050835826,45.4451335536365,45.1541254311682,44.8713121488612,44.5968251390922
Cameroon,CMR,"Government expenditure per student, primary (% of GDP per capita)",SE.XPD.PRIM.PC.ZS,5.11196,6.28029,5.92604,5.27591,5.44964,..,..,..,..,..,..,..,..,..,..,..,..
Cameroon,CMR,"Government expenditure per student, secondary (% of GDP per capita)",SE.XPD.SECO.PC.ZS,24.11163,26.14003,..,17.95408,17.7737,..,..,..,..,..,..,..,..,..,..,..,..
Cameroon,CMR,"Government expenditure per student, tertiary (% of GDP per capita)",SE.XPD.TERT.PC.ZS,30.1412,30.47986,24.99223,35.74725,16.65096,19.36118,..,..,..,..,..,..,..,..,..,..,..
Cameroon,CMR,"Government expenditure on education, total (% of GDP)",SE.XPD.TOTL.GD.ZS,2.49827003479004,2.90790009498596,2.84803009033203,2.65336990356445,2.60306000709534,2.6554799079895,2.58396005630493,2.65791988372803,2.56234002113342,3.05962991714477,3.03096008300781,3.0473994932468,3.10390139858492,2.8493076272306,2.65952378267367,2.83907623667935,..
Cameroon,CMR,"Government expenditure on education, total (% of government expenditure)",SE.XPD.TOTL.GB.ZS,15.7006101608276,19.7797908782959,18.7538890838623,14.8677701950073,15.1762199401856,13.8249502182007,12.8797597885132,13.243989944458,12.6946897506714,15.9128103256226,16.8831596374512,14.1786984993157,14.4511222046888,15.0479038536836,12.7669754975237,13.0829510944935,13.830376525189
Cameroon,CMR,"Adolescent fertility rate (births per 1,000 women ages 15-19)",SP.ADO.TFRT,128.656,127.889,127.504,129.067,124.626,121.77,120.341,119.736,119.352,118.815,117.067,114.634,112.084,109.907,108.328,106.661,..
Cameroon,CMR,Expenditure on primary education (% of government expenditure on education),SE.XPD.PRIM.ZS,32.55445,34.19688,34.1618,32.7006,36.1927,33.87925,..,..,..,..,..,..,..,..,..,..,..
Cameroon,CMR,Expenditure on secondary education (% of government expenditure on education),SE.XPD.SECO.ZS,54.08651,53.89216,52.73901,48.86979,52.55314,..,..,..,..,..,..,..,..,..,..,..,..
Cameroon,CMR,Expenditure on tertiary education (% of government expenditure on education),SE.XPD.TERT.ZS,8.85137,8.62576,9.04275,15.09368,7.76979,10.20724,..,..,..,..,..,..,..,..,..,..,..
Cameroon,CMR,"Labor force participation rate for ages 15-24, female (%) (modeled ILO estimate)",SL.TLF.ACTI.1524.FE.ZS,61.159,56.974,52.676,50.678,48.666,46.644,44.62,42.345,40.159,38.027,35.886,33.712,31.294,29.623,29.425,29.393,29.372
Cameroon,CMR,"Labor force participation rate for ages 15-24, female (%) (national estimate)",SL.TLF.ACTI.1524.FE.NE.ZS,..,..,53.27,..,..,..,44.705,..,..,..,..,..,..,29.972,..,..,..
Cameroon,CMR,"Labor force participation rate for ages 15-24, male (%) (modeled ILO estimate)",SL.TLF.ACTI.1524.MA.ZS,66.647,63.95,61.155,58.986,56.798,54.599,52.399,50.49,48.742,47.088,45.404,43.621,41.731,40.268,40.423,40.338,40.235
Cameroon,CMR,"Labor force participation rate for ages 15-24, male (%) (national estimate)",SL.TLF.ACTI.1524.MA.NE.ZS,..,..,61.18,..,..,..,52.595,..,..,..,..,..,..,40.849,..,..,..
Cameroon,CMR,"Labor force participation rate for ages 15-24, total (%) (modeled ILO estimate)",SL.TLF.ACTI.1524.ZS,63.909,60.469,56.923,54.839,52.738,50.628,48.514,46.421,44.454,42.561,40.649,38.671,36.517,34.95,34.928,34.87,34.809
Cameroon,CMR,"Labor force participation rate for ages 15-24, total (%) (national estimate)",SL.TLF.ACTI.1524.NE.ZS,..,..,56.92,..,..,..,48.515,..,..,..,..,..,..,34.952,..,..,..
Cameroon,CMR,"Labor force participation rate, female (% of female population ages 15+) (modeled ILO estimate)",SL.TLF.CACT.FE.ZS,75.727,73.187,70.481,69.623,68.757,67.885,67.006,65.628,64.23,62.821,61.419,60.035,58.059,57.093,57.098,57.095,57.104
Cameroon,CMR,"Labor force participation rate, female (% of female population ages 15+) (national estimate)",SL.TLF.CACT.FE.NE.ZS,..,..,70.66,..,..,..,67.193,..,..,..,..,..,..,57.667,..,..,..
Cameroon,CMR,"Labor force participation rate, female (% of female population ages 15-64) (modeled ILO estimate)",SL.TLF.ACTI.FE.ZS,76.639,74.08,71.351,70.445,69.534,68.616,67.691,66.29,64.87,63.44,62.018,60.613,58.606,57.588,57.65,57.663,57.691
Cameroon,CMR,Population growth (annual %),SP.POP.GROW,2.86258453269924,2.86539222671372,2.85766146651935,2.82842297078772,2.8130471843416,2.80909371019789,3.02592195035823,3.13934346036401,2.98933225067819,2.83499798189177,2.77030987519388,2.78164441246944,2.7244863481235,2.65496076580698,2.62905090961273,2.64245336134821,2.61268294319567
Cameroon,CMR,Women who were first married by age 15 (% of women ages 20-24),SP.M15.2024.FE.ZS,..,..,..,13.4,..,..,..,..,..,..,10.7,..,..,..,..,..,..
Cameroon,CMR,Women who were first married by age 18 (% of women ages 20-24),SP.M18.2024.FE.ZS,..,..,..,38.4,..,..,..,..,..,..,29.8,..,..,..,..,..,..
Cameroon,CMR,Women's share of population ages 15+ living with HIV (%),SH.DYN.AIDS.FE.ZS,57.740369771583,57.7534982691795,57.7808978755506,57.880338305284,58.2164618951789,58.8626178668979,59.559740598068,60.2621470097637,60.9549134695097,61.6478794953983,62.3265990345596,62.9509070975939,63.5145010212261,63.9737999289318,64.3245869587547,64.5991064081577,64.8275843079735
Central African Republic,CAF,"GDP per capita, PPP (current international $)",NY.GDP.PCAP.PP.CD,797.652806166077,877.252131104878,936.485497371468,980.185520951852,1062.06809941049,709.853481245446,698.963738923072,768.870887999174,826.013301383169,883.810734876066,905.817788941094,984.843183678857,1066.29005423151,1128.55237996459,1217.84977141155,1257.09435717114,1263.10234213699
Central African Republic,CAF,Poverty headcount ratio at $3.00 a day (2021 PPP) (% of population),SI.POV.DDAY,67.3,..,..,..,..,..,..,..,..,..,..,..,..,71.6,..,..,..
Central African Republic,CAF,Rural population (% of total population),SP.RUR.TOTL.ZS,61.6525510807662,61.523324302907,61.3755036895797,61.1969330534993,60.9698303961483,60.6957036517223,60.3773478131262,60.0175578732649,59.6191288250434,59.1848556613666,58.7175333751394,58.2199569592668,57.6949214066537,57.1452217102051,56.7248032542715,56.3016307865835,55.8756444361096
Central African Republic,CAF,"Government expenditure per student, primary (% of GDP per capita)",SE.XPD.PRIM.PC.ZS,..,4.33596,4.10032,..,..,..,..,..,..,..,..,..,..,..,..,..,..
Central African Republic,CAF,"Government expenditure per student, secondary (% of GDP per capita)",SE.XPD.SECO.PC.ZS,..,15.42199,..,..,..,..,..,..,..,..,..,..,..,..,..,..,..
Central African Republic,CAF,"Government expenditure per student, tertiary (% of GDP per capita)",SE.XPD.TERT.PC.ZS,101.73394,118.55574,89.9605,100.5374,..,..,..,..,..,..,..,..,..,..,..,..,..
Central African Republic,CAF,"Government expenditure on education, total (% of GDP)",SE.XPD.TOTL.GD.ZS,1.29000997543335,1.25458002090454,1.11760997772217,1.10792005062103,1.98034724839473,2.63821423826355,2.22015331698693,1.9102285875012,1.75408898250234,1.75365013911465,1.56587596817535,1.76792074637361,2.14468061163977,1.8725169173301,2.11509129476365,1.82995911310419,..
Central African Republic,CAF,"Government expenditure on education, total (% of government expenditure)",SE.XPD.TOTL.GB.ZS,7.8600001335144,7.84172010421753,6.47537994384766,7.8254599571228,10.6165691254814,8.08344390393141,9.38718751677231,8.38674186180161,7.31902194047271,8.89504990083298,9.13549641953096,9.79781209629898,9.78244273272612,9.08869199724264,10.7420521886098,9.9939281561116,..
Central African Republic,CAF,"Adolescent fertility rate (births per 1,000 women ages 15-19)",SP.ADO.TFRT,159.743,163.842,169.171,168.485,167.624,166.774,165.588,164.079,164.342,165.118,165.544,164.921,163.964,163.575,163.019,163.093,..
Central African Republic,CAF,Expenditure on primary education (% of government expenditure on education),SE.XPD.PRIM.ZS,..,48.44996,53.26402,..,..,..,..,..,..,..,..,..,..,..,..,..,..
Central African Republic,CAF,Expenditure on secondary education (% of government expenditure on education),SE.XPD.SECO.ZS,25.91333,26.45229,23.99504,..,..,..,..,..,..,..,..,..,..,..,..,..,..
Central African Republic,CAF,Expenditure on tertiary education (% of government expenditure on education),SE.XPD.TERT.ZS,17.48191,22.71604,20.47402,27.29113,..,..,..,..,..,..,..,..,..,..,..,..,..
Central African Republic,CAF,"Labor force participation rate for ages 15-24, female (%) (modeled ILO estimate)",SL.TLF.ACTI.1524.FE.ZS,53.583,53.783,54.055,54.381,54.778,55.587,56.432,56.937,56.875,56.86,56.85,56.8,56.221,56.233,56.624,56.605,56.547
Central African Republic,CAF,"Labor force participation rate for ages 15-24, female (%) (national estimate)",SL.TLF.ACTI.1524.FE.NE.ZS,..,..,..,..,..,..,..,..,..,..,..,..,..,..,..,..,..
Central African Republic,CAF,"Labor force participation rate for ages 15-24, male (%) (modeled ILO estimate)",SL.TLF.ACTI.1524.MA.ZS,56.17,56.82,57.639,58.452,59.917,61.161,62.961,64.127,64.149,64.24,64.316,64.314,63.773,63.727,64.726,64.819,64.839
Central African Republic,CAF,"Labor force participation rate for ages 15-24, male (%) (national estimate)",SL.TLF.ACTI.1524.MA.NE.ZS,..,..,..,..,..,..,..,..,..,..,..,..,..,..,..,..,..
Central African Republic,CAF,"Labor force participation rate for ages 15-24, total (%) (modeled ILO estimate)",SL.TLF.ACTI.1524.ZS,54.885,55.287,55.804,56.376,57.31,58.346,59.671,60.513,60.505,60.547,60.584,60.545,59.973,59.955,60.598,60.6,60.606
Central African Republic,CAF,"Labor force participation rate for ages 15-24, total (%) (national estimate)",SL.TLF.ACTI.1524.NE.ZS,..,..,..,..,..,..,..,..,..,..,..,..,..,..,..,..,..
Central African Republic,CAF,"Labor force participation rate, female (% of female population ages 15+) (modeled ILO estimate)",SL.TLF.CACT.FE.ZS,65.824,65.871,65.914,65.832,65.693,65.549,65.391,65.301,65.301,65.308,65.313,65.359,64.776,64.799,65.525,65.608,65.544
Central African Republic,CAF,"Labor force participation rate, female (% of female population ages 15+) (national estimate)",SL.TLF.CACT.FE.NE.ZS,..,..,..,..,..,..,..,..,..,..,..,..,..,..,..,..,..
Central African Republic,CAF,"Labor force participation rate, female (% of female population ages 15-64) (modeled ILO estimate)",SL.TLF.ACTI.FE.ZS,66.496,66.506,66.507,66.431,66.31,66.1,65.947,65.875,65.9,65.926,65.951,66.003,65.412,65.434,66.144,66.21,66.17
Central African Republic,CAF,Population growth (annual %),SP.POP.GROW,2.1330142206447,-0.65882495965577,-0.799202484181735,1.59035970102042,0.998867377606297,0.682377856508138,-0.415235398986532,0.132677645471712,1.80553237158984,1.67978155291511,1.76068487647458,1.34469255324203,1.64324789708014,1.68608971248183,-0.275432271573156,1.06107453184959,3.40139844069992
Central African Republic,CAF,Women who were first married by age 15 (% of women ages 20-24),SP.M15.2024.FE.ZS,..,..,..,..,..,..,..,..,..,..,..,25.8,..,..,..,..,..
Central African Republic,CAF,Women who were first married by age 18 (% of women ages 20-24),SP.M18.2024.FE.ZS,..,..,..,..,..,..,..,..,..,..,..,61,..,..,..,..,..
Central African Republic,CAF,Women's share of population ages 15+ living with HIV (%),SH.DYN.AIDS.FE.ZS,63.5425332002603,63.1402510097002,62.8024603139812,62.5815716632108,62.4447733126434,62.2917943599903,62.2857390082715,62.1444010545464,62.2453449059242,62.713028832709,63.1313793125725,63.5054577338594,63.8524867456515,64.2420827468593,64.5364496509337,64.8091461870961,65.0728590666301
Chad,TCD,"GDP per capita, PPP (current international $)",NY.GDP.PCAP.PP.CD,2180.51680433217,2087.14718677867,2319.68883187561,2388.16512149441,2435.1240819184,2110.24705136988,2133.18441198787,2377.51137185751,2120.08751553857,2097.14425483604,2227.81335372611,2351.65339767739,2185.99034173537,2435.07274651099,2624.11789713994,2700.36055335878,2742.65952183613
Chad,TCD,Poverty headcount ratio at $3.00 a day (2021 PPP) (% of population),SI.POV.DDAY,..,..,..,45.2,..,..,..,..,..,..,41.9,..,..,..,39.5,..,..
Chad,TCD,Rural population (% of total population),SP.RUR.TOTL.ZS,78.2244203961113,78.2215603431245,78.1527621808905,78.0441263202362,77.8938095851822,77.7024070147609,77.4705486513991,77.1988741171026,76.8880265292821,76.538650528895,76.1513915075025,75.7268952613367,75.2658078204584,74.7687753576925,74.2364441370306,73.6694604828954,73.0684707610503
Chad,TCD,"Government expenditure per student, primary (% of GDP per capita)",SE.XPD.PRIM.PC.ZS,..,9.47322,7.08025,5.8851,6.30003,..,..,..,..,..,..,..,..,..,..,..,..
Chad,TCD,"Government expenditure per student, secondary (% of GDP per capita)",SE.XPD.SECO.PC.ZS,..,17.95653,15.08423,21.36509,12.76379,17.73265,..,..,..,..,..,..,..,..,..,..,..
Chad,TCD,"Government expenditure per student, tertiary (% of GDP per capita)",SE.XPD.TERT.PC.ZS,..,162.18236,211.50163,186.65421,..,..,..,..,..,..,..,..,..,..,..,..,..
Chad,TCD,"Government expenditure on education, total (% of GDP)",SE.XPD.TOTL.GD.ZS,..,2.31173992156982,1.98194003105164,2.25789999961853,2.20615005493164,2.85070991516113,2.32031229563021,2.34283149521162,2.38847586229946,2.45481991767883,2.25947501392013,2.37245795383591,2.73960390423748,2.8881299495697,2.6016118897064,3.20149725837724,..
Chad,TCD,"Government expenditure on education, total (% of government expenditure)",SE.XPD.TOTL.GB.ZS,..,8.82818031311035,8.1192798614502,10.0832595825195,9.21240997314453,12.4614601135254,..,..,..,16.3627490997314,..,14.2137900389947,11.6715060004173,15.4477100372315,16.7226097517041,16.4843534424325,..
Chad,TCD,"Adolescent fertility rate (births per 1,000 women ages 15-19)",SP.ADO.TFRT,180.439,181.077,184.306,181.825,178.964,172.65,167.339,162.09,155.838,149.618,145.22,143.291,140.715,137.946,136.697,134.738,..
Chad,TCD,Expenditure on primary education (% of government expenditure on education),SE.XPD.PRIM.ZS,..,59.24125,51.61933,40.66676,46.70011,..,..,..,..,..,..,..,..,..,..,..,..
Chad,TCD,Expenditure on secondary education (% of government expenditure on education),SE.XPD.SECO.ZS,..,28.33404,27.4058,34.94893,20.72761,24.71241,..,..,..,..,..,..,..,..,..,..,..
Chad,TCD,Expenditure on tertiary education (% of government expenditure on education),SE.XPD.TERT.ZS,..,12.37664,19.75874,16.28402,30.25849,31.70084,..,..,..,..,..,..,..,..,..,..,..
Chad,TCD,"Labor force participation rate for ages 15-24, female (%) (modeled ILO estimate)",SL.TLF.ACTI.1524.FE.ZS,43.232,42.336,41.442,40.547,39.659,38.782,37.915,37.054,36.199,35.356,34.525,34.424,34.093,34.486,33.63,33.419,33.044
Chad,TCD,"Labor force participation rate for ages 15-24, female (%) (national estimate)",SL.TLF.ACTI.1524.FE.NE.ZS,..,..,..,..,..,..,..,..,..,..,35.503,..,..,..,..,..,..
Chad,TCD,"Labor force participation rate for ages 15-24, male (%) (modeled ILO estimate)",SL.TLF.ACTI.1524.MA.ZS,47.91,47.35,46.792,46.238,45.684,45.127,44.567,44.008,43.451,42.893,42.333,42.108,41.71,41.855,42.463,42.314,42.315
Chad,TCD,"Labor force participation rate for ages 15-24, male (%) (national estimate)",SL.TLF.ACTI.1524.MA.NE.ZS,..,..,..,..,..,..,..,..,..,..,42.45,..,..,..,..,..,..
Chad,TCD,"Labor force participation rate for ages 15-24, total (%) (modeled ILO estimate)",SL.TLF.ACTI.1524.ZS,45.583,44.859,44.137,43.416,42.699,41.985,41.275,40.568,39.866,39.167,38.473,38.31,37.946,38.213,38.097,37.913,37.724
Chad,TCD,"Labor force participation rate for ages 15-24, total (%) (national estimate)",SL.TLF.ACTI.1524.NE.ZS,..,..,..,..,..,..,..,..,..,..,38.509,..,..,..,..,..,..
Chad,TCD,"Labor force participation rate, female (% of female population ages 15+) (modeled ILO estimate)",SL.TLF.CACT.FE.ZS,55.079,54.426,53.772,53.116,52.458,51.799,51.14,50.481,49.821,49.161,48.501,48.531,48.067,48.119,47.933,47.817,47.554
Chad,TCD,"Labor force participation rate, female (% of female population ages 15+) (national estimate)",SL.TLF.CACT.FE.NE.ZS,..,..,..,..,..,..,..,..,..,..,49.285,..,..,..,..,..,..
Chad,TCD,"Labor force participation rate, female (% of female population ages 15-64) (modeled ILO estimate)",SL.TLF.ACTI.FE.ZS,55.351,54.688,54.025,53.357,52.689,52.02,51.353,50.688,50.022,49.357,48.693,48.723,48.256,48.295,48.111,48.017,47.771
Chad,TCD,Population growth (annual %),SP.POP.GROW,3.49922011538019,3.57296976276489,3.46077094768596,3.53020185416521,3.51265481153462,3.5694788341769,3.56998697827762,3.18336105662872,3.13868697646131,3.30639583736028,3.35956028710956,3.21991132048391,3.18197036099619,3.44423869357111,3.45668911084691,4.57399213394625,4.94853027382671
Chad,TCD,Women who were first married by age 15 (% of women ages 20-24),SP.M15.2024.FE.ZS,..,..,..,..,..,..,..,29.7,..,..,..,24.2,..,..,..,..,..
Chad,TCD,Women who were first married by age 18 (% of women ages 20-24),SP.M18.2024.FE.ZS,..,..,..,..,..,..,..,66.9,..,..,..,60.6,..,..,..,..,..
Chad,TCD,Women's share of population ages 15+ living with HIV (%),SH.DYN.AIDS.FE.ZS,57.387151799303,57.7614052593372,58.1650221138261,58.5820150991479,59.0170982731376,59.4654481816863,59.9323187475924,60.4161616214781,60.8977087753276,61.388463018643,61.7509609030024,61.9655957014541,62.1934228585509,62.4347048177397,62.6680535343896,62.8408779318424,63.0327757959988
"Congo, Rep.",COG,"GDP per capita, PPP (current international $)",NY.GDP.PCAP.PP.CD,4448.33261714253,4800.90159806602,5125.06991343643,5175.20439089036,6058.06449417412,5833.86336651436,5733.18393561256,4715.13431581624,4016.04908525318,4444.63900215824,5593.19370578686,5719.59977338291,4770.96449758365,6263.21161292636,6647.4968173139,6850.27770621099,7026.36223281494
"Congo, Rep.",COG,Poverty headcount ratio at $3.00 a day (2021 PPP) (% of population),SI.POV.DDAY,..,..,..,39.2,..,..,..,..,..,..,..,..,..,..,..,..,..
"Congo, Rep.",COG,Rural population (% of total population),SP.RUR.TOTL.ZS,37.9645184324797,37.7827705349735,37.6077128941261,37.4402491869769,37.2812830905655,37.1317182819314,36.9924584381141,36.864407236153,36.7484683530877,36.6455454659577,36.5565422518025,36.4823623876615,36.4239095505743,36.3820874175804,36.3577996657193,36.3373242384375,36.1133888300096
"Congo, Rep.",COG,"Government expenditure per student, primary (% of GDP per capita)",SE.XPD.PRIM.PC.ZS,..,..,11.68812,..,..,..,..,..,..,..,..,..,..,..,..,..,..
"Congo, Rep.",COG,"Government expenditure per student, secondary (% of GDP per capita)",SE.XPD.SECO.PC.ZS,..,..,..,..,..,..,..,..,..,..,..,..,..,..,..,..,..
"Congo, Rep.",COG,"Government expenditure per student, tertiary (% of GDP per capita)",SE.XPD.TERT.PC.ZS,..,..,..,..,..,88.05028,..,..,..,..,..,..,..,..,..,..,..
"Congo, Rep.",COG,"Government expenditure on education, total (% of GDP)",SE.XPD.TOTL.GD.ZS,..,..,5.6867299079895,2.64652978173867,2.73923061622047,5.0138814089415,3.18256998062134,3.13882994651794,4.87114096878621,4.17236995697021,2.77167010307312,3.24716413970868,4.22208879466149,3.31281536274069,2.72738253259215,3.34005209256916,..
"Congo, Rep.",COG,"Government expenditure on education, total (% of government expenditure)",SE.XPD.TOTL.GB.ZS,..,..,24.7277793884277,6.49370929175093,..,14.7248982435275,6.55592012405396,7.95039987564087,8.70963067131179,15.68577003479,15.5829000473022,17.0074221576097,17.0091400358236,16.5610048503404,15.5095016256821,14.7291528247263,..
"Congo, Rep.",COG,"Adolescent fertility rate (births per 1,000 women ages 15-19)",SP.ADO.TFRT,132.223,135.039,133.768,130.246,126.351,123.514,122.025,120.682,118.945,117.227,115.695,114.54,113.633,112.715,111.227,109.88,..
"Congo, Rep.",COG,Expenditure on primary education (% of government expenditure on education),SE.XPD.PRIM.ZS,..,..,30.99831,..,..,..,..,..,..,..,..,..,..,..,..,..,..
"Congo, Rep.",COG,Expenditure on secondary education (% of government expenditure on education),SE.XPD.SECO.ZS,..,..,53.33168,..,..,..,..,..,..,..,..,..,..,..,..,..,..
"Congo, Rep.",COG,Expenditure on tertiary education (% of government expenditure on education),SE.XPD.TERT.ZS,..,..,10.87259,..,..,..,..,..,..,..,..,..,..,..,..,..,..
"Congo, Rep.",COG,"Labor force participation rate for ages 15-24, female (%) (modeled ILO estimate)",SL.TLF.ACTI.1524.FE.ZS,43.622,43.453,43.33,43.55,43.824,44.219,44.512,44.771,44.983,45.061,45.046,44.936,41.617,42.575,43.835,43.679,43.562
"Congo, Rep.",COG,"Labor force participation rate for ages 15-24, female (%) (national estimate)",SL.TLF.ACTI.1524.FE.NE.ZS,..,53.689,..,..,..,..,..,..,..,..,..,..,..,..,..,..,..
"Congo, Rep.",COG,"Labor force participation rate for ages 15-24, male (%) (modeled ILO estimate)",SL.TLF.ACTI.1524.MA.ZS,39.938,39.674,39.491,39.921,40.616,41.394,42.096,42.618,42.868,42.903,42.806,42.576,39.893,40.379,43.207,43.14,42.998
"Congo, Rep.",COG,"Labor force participation rate for ages 15-24, male (%) (national estimate)",SL.TLF.ACTI.1524.MA.NE.ZS,..,50.081,..,..,..,..,..,..,..,..,..,..,..,..,..,..,..
"Congo, Rep.",COG,"Labor force participation rate for ages 15-24, total (%) (modeled ILO estimate)",SL.TLF.ACTI.1524.ZS,41.774,41.559,41.407,41.732,42.216,42.803,43.3,43.691,43.922,43.978,43.922,43.751,40.751,41.472,43.52,43.408,43.279
"Congo, Rep.",COG,"Labor force participation rate for ages 15-24, total (%) (national estimate)",SL.TLF.ACTI.1524.NE.ZS,..,52.071,..,..,..,..,..,..,..,..,..,..,..,..,..,..,..
"Congo, Rep.",COG,"Labor force participation rate, female (% of female population ages 15+) (modeled ILO estimate)",SL.TLF.CACT.FE.ZS,67.001,67.055,67.094,67.011,66.888,66.742,66.62,66.526,66.471,66.458,66.472,66.513,63.276,64.018,65.72,65.642,65.604
"Congo, Rep.",COG,"Labor force participation rate, female (% of female population ages 15+) (national estimate)",SL.TLF.CACT.FE.NE.ZS,..,47.195,..,..,43,..,..,..,..,..,..,..,..,..,..,..,..
"Congo, Rep.",COG,"Labor force participation rate, female (% of female population ages 15-64) (modeled ILO estimate)",SL.TLF.ACTI.FE.ZS,67.972,68.026,68.062,67.968,67.856,67.703,67.588,67.492,67.417,67.393,67.403,67.449,64.182,64.915,66.65,66.597,66.59
"Congo, Rep.",COG,Population growth (annual %),SP.POP.GROW,3.28885266905607,3.99594017742806,4.14243050486562,3.25058981932031,2.79640825415116,2.43092781986762,2.41608932821437,2.41638740919909,2.42169941927317,2.43024073423953,2.43884022378671,2.40634419722279,2.39477691216791,2.39414288318435,2.39665300284304,2.41919038084212,2.39829082784283
"Congo, Rep.",COG,Women who were first married by age 15 (% of women ages 20-24),SP.M15.2024.FE.ZS,..,6.7,..,..,6.1,..,..,6.9,..,..,..,..,..,..,..,..,..
"Congo, Rep.",COG,Women who were first married by age 18 (% of women ages 20-24),SP.M18.2024.FE.ZS,..,33.3,..,..,32.6,..,..,27.3,..,..,..,..,..,..,..,..,..
"Congo, Rep.",COG,Women's share of population ages 15+ living with HIV (%),SH.DYN.AIDS.FE.ZS,66.8595947691366,66.6803652392238,66.4698902503035,66.4551771880006,66.6542331241012,66.9080670726448,67.2006537083158,67.5422089058733,67.9395908320228,68.3780348673161,68.8401258771122,69.3315592976829,69.7887953265326,70.11536436941,70.3839641628462,70.6798155370251,70.8918487352704
"Congo, Dem. Rep.",COD,"GDP per capita, PPP (current international $)",NY.GDP.PCAP.PP.CD,584.020810311472,572.959249024865,605.785160280927,643.764679093976,647.801733284929,760.64987993962,859.356816141236,910.393131638657,950.022298158597,990.545051394781,1048.86502855672,1056.17206659241,1088.7890035637,1402.38560295221,1590.16404219556,1730.62228877694,1821.04868718058
"Congo, Dem. Rep.",COD,Poverty headcount ratio at $3.00 a day (2021 PPP) (% of population),SI.POV.DDAY,..,..,..,..,78.9,..,..,..,..,..,..,..,85.3,..,..,..,..
"Congo, Dem. Rep.",COD,Rural population (% of total population),SP.RUR.TOTL.ZS,61.4002754789156,61.0037329503951,60.608636291706,60.2150307174141,59.8229614420849,59.4324736802842,59.0436126465775,58.6564235555306,58.2709516217089,57.8872420596783,57.5053400840042,57.1252909092524,56.7471397499885,56.3709318207782,55.996712336187,55.6245265107806,55.2544195591247
"Congo, Dem. Rep.",COD,"Government expenditure per student, primary (% of GDP per capita)",SE.XPD.PRIM.PC.ZS,..,..,3.10452,..,..,7.19307,..,..,..,..,..,..,..,..,..,..,..
"Congo, Dem. Rep.",COD,"Government expenditure per student, secondary (% of GDP per capita)",SE.XPD.SECO.PC.ZS,..,..,9.53216,..,..,5.28871,..,..,..,..,..,..,..,..,..,..,..
"Congo, Dem. Rep.",COD,"Government expenditure per student, tertiary (% of GDP per capita)",SE.XPD.TERT.PC.ZS,..,..,..,..,..,72.92908,..,..,..,..,..,..,..,..,..,..,..
"Congo, Dem. Rep.",COD,"Government expenditure on education, total (% of GDP)",SE.XPD.TOTL.GD.ZS,..,..,1.5249799489975,..,..,2.06221008300781,1.95142996311188,2.17043995857239,2.1186900138855,1.45494997501373,..,..,2.62263835311571,2.66048474102788,2.84466514463005,..,..
"Congo, Dem. Rep.",COD,"Government expenditure on education, total (% of government expenditure)",SE.XPD.TOTL.GB.ZS,..,..,9.57841014862061,..,..,16.1748008728027,14.1246004104614,15.7097797393799,14.635419845581,13.5172300338745,..,..,..,..,..,..,..
"Congo, Dem. Rep.",COD,"Adolescent fertility rate (births per 1,000 women ages 15-19)",SP.ADO.TFRT,122.739,122.181,121.161,122.471,124.026,121.236,118.949,115.839,113.478,112.484,111.807,111.141,110.308,109.234,108.06,106.884,..
"Congo, Dem. Rep.",COD,Expenditure on primary education (% of government expenditure on education),SE.XPD.PRIM.ZS,..,..,33.33619,..,..,61.59357,..,..,..,..,..,..,..,..,..,..,..
"Congo, Dem. Rep.",COD,Expenditure on secondary education (% of government expenditure on education),SE.XPD.SECO.ZS,..,..,33.73443,..,..,14.36003,..,..,..,..,..,..,..,..,..,..,..
"Congo, Dem. Rep.",COD,Expenditure on tertiary education (% of government expenditure on education),SE.XPD.TERT.ZS,..,..,23.99784,..,..,21.95353,..,23.80564,..,..,..,..,..,..,..,..,..
"Congo, Dem. Rep.",COD,"Labor force participation rate for ages 15-24, female (%) (modeled ILO estimate)",SL.TLF.ACTI.1524.FE.ZS,45.59,43.949,42.319,40.706,39.114,39.8,40.492,41.203,41.853,42.482,43.231,44.054,44.318,43.945,44.56,44.895,45.085
"Congo, Dem. Rep.",COD,"Labor force participation rate for ages 15-24, female (%) (national estimate)",SL.TLF.ACTI.1524.FE.NE.ZS,..,..,..,..,39.287,..,..,..,36.166,..,..,..,44.479,..,..,..,..
"Congo, Dem. Rep.",COD,"Labor force participation rate for ages 15-24, male (%) (modeled ILO estimate)",SL.TLF.ACTI.1524.MA.ZS,36.723,35.688,34.671,33.67,32.684,34.034,35.406,36.786,37.947,39.058,40.47,42.027,42.959,41.678,41.628,41.295,41.08
"Congo, Dem. Rep.",COD,"Labor force participation rate for ages 15-24, male (%) (national estimate)",SL.TLF.ACTI.1524.MA.NE.ZS,..,..,..,..,32.223,..,..,..,35.136,..,..,..,42.752,..,..,..,..
"Congo, Dem. Rep.",COD,"Labor force participation rate for ages 15-24, total (%) (modeled ILO estimate)",SL.TLF.ACTI.1524.ZS,41.158,39.82,38.496,37.189,35.9,36.918,37.951,38.996,39.902,40.772,41.853,43.042,43.64,42.814,43.098,43.1,43.089
"Congo, Dem. Rep.",COD,"Labor force participation rate for ages 15-24, total (%) (national estimate)",SL.TLF.ACTI.1524.NE.ZS,..,..,..,..,35.943,..,..,..,35.685,..,..,..,43.65,..,..,..,..
"Congo, Dem. Rep.",COD,"Labor force participation rate, female (% of female population ages 15+) (modeled ILO estimate)",SL.TLF.CACT.FE.ZS,67.643,66.381,65.096,63.787,62.458,62.255,62.049,61.84,61.662,61.492,61.275,61.038,60.259,60.48,61.434,61.719,61.886
"Congo, Dem. Rep.",COD,"Labor force participation rate, female (% of female population ages 15+) (national estimate)",SL.TLF.CACT.FE.NE.ZS,..,..,..,..,62.529,..,..,..,57.984,..,..,..,60.287,..,..,..,..
"Congo, Dem. Rep.",COD,"Labor force participation rate, female (% of female population ages 15-64) (modeled ILO estimate)",SL.TLF.ACTI.FE.ZS,68.526,67.261,65.968,64.649,63.31,63.046,62.78,62.506,62.254,62.013,61.735,61.435,60.589,60.862,61.86,62.168,62.352
"Congo, Dem. Rep.",COD,Population growth (annual %),SP.POP.GROW,3.01581282864875,3.09097719189927,3.18751592835336,3.28016564590395,3.33860489598034,3.40170849300578,3.39069033335839,3.3022434270539,3.54100823238224,3.65684620577994,3.34726508426912,3.1695285579572,3.22098049233111,3.23790848096045,3.2234019442495,3.25963514299902,3.24257627586721
"Congo, Dem. Rep.",COD,Women who were first married by age 15 (% of women ages 20-24),SP.M15.2024.FE.ZS,..,..,..,..,..,..,10,..,..,..,8.4,..,..,..,..,..,..
"Congo, Dem. Rep.",COD,Women who were first married by age 18 (% of women ages 20-24),SP.M18.2024.FE.ZS,..,..,..,..,..,..,37.3,..,..,..,29.1,..,..,..,..,..,..
"Congo, Dem. Rep.",COD,Women's share of population ages 15+ living with HIV (%),SH.DYN.AIDS.FE.ZS,58.6919292890571,58.7544114819738,58.8335085859143,59.0026968583475,59.2809629156728,59.6517735942664,60.1152294571216,60.6208400781987,61.0582153216239,61.4863243503099,61.987626972305,62.3974983719675,62.7146278447697,62.9905057077262,63.215991338854,63.3980115893324,63.5382068380405
Equatorial Guinea,GNQ,"GDP per capita, PPP (current international $)",NY.GDP.PCAP.PP.CD,30522.7787142774,29722.0005631066,26167.8268525276,27241.6000370603,30011.9274409625,27909.5175876754,27177.271665026,19478.7010123338,16649.4757672359,18434.7708571004,18413.1294204577,16451.3641478324,13677.110587517,16821.4486470413,18139.989326627,17411.500234384,17566.7600284073
Equatorial Guinea,GNQ,Poverty headcount ratio at $3.00 a day (2021 PPP) (% of population),SI.POV.DDAY,..,..,..,..,..,..,..,..,..,..,..,..,..,..,8.8,..,..
Equatorial Guinea,GNQ,Rural population (% of total population),SP.RUR.TOTL.ZS,51.9555100914342,49.5277179363931,46.8781193470824,44.0256650903089,40.9893059328797,37.7879926416016,34.4406759832816,31.048729384645,30.746730146949,30.4483980867015,30.1603376333825,29.8824580452707,29.6146685806753,29.3568784979408,29.1089970554533,28.8709335116483,28.6425971250194
Equatorial Guinea,GNQ,"Government expenditure per student, primary (% of GDP per capita)",SE.XPD.PRIM.PC.ZS,..,..,..,..,..,..,..,..,..,..,..,..,..,..,..,..,..
Equatorial Guinea,GNQ,"Government expenditure per student, secondary (% of GDP per capita)",SE.XPD.SECO.PC.ZS,..,..,..,..,..,..,..,..,..,..,..,..,..,..,..,..,..
Equatorial Guinea,GNQ,"Government expenditure per student, tertiary (% of GDP per capita)",SE.XPD.TERT.PC.ZS,..,..,..,..,..,..,..,..,..,..,..,..,..,..,..,..,..
Equatorial Guinea,GNQ,"Government expenditure on education, total (% of GDP)",SE.XPD.TOTL.GD.ZS,..,..,..,..,..,..,..,..,..,..,..,..,..,..,..,..,..
Equatorial Guinea,GNQ,"Government expenditure on education, total (% of government expenditure)",SE.XPD.TOTL.GB.ZS,..,..,..,..,..,..,..,..,..,..,..,..,..,..,..,..,..
Equatorial Guinea,GNQ,"Adolescent fertility rate (births per 1,000 women ages 15-19)",SP.ADO.TFRT,184.087,182.423,180.057,178.292,175.897,173.885,171.857,169.671,167.303,164.344,161.597,158.817,156.024,154.136,152.146,150.442,..
Equatorial Guinea,GNQ,Expenditure on primary education (% of government expenditure on education),SE.XPD.PRIM.ZS,..,..,..,..,..,..,..,..,..,..,..,..,..,..,..,..,..
Equatorial Guinea,GNQ,Expenditure on secondary education (% of government expenditure on education),SE.XPD.SECO.ZS,..,..,..,..,..,..,..,..,..,..,..,..,..,..,..,..,..
Equatorial Guinea,GNQ,Expenditure on tertiary education (% of government expenditure on education),SE.XPD.TERT.ZS,..,..,..,..,..,..,..,..,..,..,..,..,..,..,..,..,..
Equatorial Guinea,GNQ,"Labor force participation rate for ages 15-24, female (%) (modeled ILO estimate)",SL.TLF.ACTI.1524.FE.ZS,28.987,28.809,28.663,28.603,28.612,28.625,28.643,28.65,28.636,28.592,28.495,28.329,25.529,26.377,28.257,28.201,28.178
Equatorial Guinea,GNQ,"Labor force participation rate for ages 15-24, female (%) (national estimate)",SL.TLF.ACTI.1524.FE.NE.ZS,..,..,..,..,..,..,..,..,..,..,..,..,..,..,..,..,..
Equatorial Guinea,GNQ,"Labor force participation rate for ages 15-24, male (%) (modeled ILO estimate)",SL.TLF.ACTI.1524.MA.ZS,33.023,32.674,32.388,32.271,32.289,32.314,32.35,32.364,32.335,32.249,32.06,31.736,28.88,29.499,32.193,32.607,32.617
Equatorial Guinea,GNQ,"Labor force participation rate for ages 15-24, male (%) (national estimate)",SL.TLF.ACTI.1524.MA.NE.ZS,..,..,..,..,..,..,..,..,..,..,..,..,..,..,..,..,..
Equatorial Guinea,GNQ,"Labor force participation rate for ages 15-24, total (%) (modeled ILO estimate)",SL.TLF.ACTI.1524.ZS,31.125,30.85,30.626,30.531,30.539,30.554,30.579,30.59,30.569,30.505,30.362,30.113,27.278,27.998,30.292,30.469,30.454
Equatorial Guinea,GNQ,"Labor force participation rate for ages 15-24, total (%) (national estimate)",SL.TLF.ACTI.1524.NE.ZS,..,..,..,..,..,..,..,..,..,..,..,..,..,..,..,..,..
Equatorial Guinea,GNQ,"Labor force participation rate, female (% of female population ages 15+) (modeled ILO estimate)",SL.TLF.CACT.FE.ZS,52.239,52.324,52.485,52.696,52.931,53.176,53.404,53.596,53.745,53.85,53.911,53.931,50.146,50.951,53.526,53.265,53.044
Equatorial Guinea,GNQ,"Labor force participation rate, female (% of female population ages 15+) (national estimate)",SL.TLF.CACT.FE.NE.ZS,..,..,..,..,..,..,..,..,..,..,..,..,..,..,..,..,..
Equatorial Guinea,GNQ,"Labor force participation rate, female (% of female population ages 15-64) (modeled ILO estimate)",SL.TLF.ACTI.FE.ZS,54.05,54.109,54.246,54.434,54.651,54.882,55.11,55.316,55.486,55.617,55.704,55.747,51.869,52.669,55.371,55.114,54.901
Equatorial Guinea,GNQ,Population growth (annual %),SP.POP.GROW,4.57370994415875,4.60787133294314,4.59586770504622,4.34060206449919,4.07484554769573,3.99605995538999,3.90501924555756,3.79160484192286,3.66421838047825,3.53129362583944,3.39945242088076,3.271454421427,2.73390823188935,2.43551071649529,2.5130374213272,2.41057232825781,2.40472649031131
Equatorial Guinea,GNQ,Women who were first married by age 15 (% of women ages 20-24),SP.M15.2024.FE.ZS,..,..,..,8.6,..,..,..,..,..,..,..,..,..,..,..,..,..
Equatorial Guinea,GNQ,Women who were first married by age 18 (% of women ages 20-24),SP.M18.2024.FE.ZS,..,..,..,29.5,..,..,..,..,..,..,..,..,..,..,..,..,..
Equatorial Guinea,GNQ,Women's share of population ages 15+ living with HIV (%),SH.DYN.AIDS.FE.ZS,54.6675915379699,54.4480549871583,54.2587492676343,54.1487337125192,54.1449204038179,54.2478044974881,54.5496298937118,55.0611127053064,55.7079371065505,56.4129059937497,57.1328662415892,57.9276595978178,58.8121756256924,59.5674748450161,60.2749675190682,60.9635012225102,61.5645937664673
Gabon,GAB,"GDP per capita, PPP (current international $)",NY.GDP.PCAP.PP.CD,13733.7012862122,13383.5662273185,14014.6905491122,14784.3483551883,14619.7181445113,14497.9921216902,14853.6712460355,14306.4340768252,13997.7352841911,14796.6286374171,15432.0430535353,15949.6373739622,14477.1308291744,18523.5798032193,19992.5570643468,20755.665381766,21510.1725307344
Gabon,GAB,Poverty headcount ratio at $3.00 a day (2021 PPP) (% of population),SI.POV.DDAY,..,..,..,..,..,..,..,..,..,3.8,..,..,..,..,..,..,..
Gabon,GAB,Rural population (% of total population),SP.RUR.TOTL.ZS,14.7562327527684,14.2567417876068,13.8147407527055,13.4334616349685,13.1161364212999,12.8517519328363,12.3763982037031,11.914691616108,11.4554116593822,10.9990266743104,10.5460050018134,10.0968149829606,9.6519249589853,9.2118032713033,8.7756644540012,8.3624037202687,8.1367905322425
Gabon,GAB,"Government expenditure per student, primary (% of GDP per capita)",SE.XPD.PRIM.PC.ZS,..,..,..,4.71526,..,..,..,..,..,..,..,..,..,..,..,..,..
Gabon,GAB,"Government expenditure per student, secondary (% of GDP per capita)",SE.XPD.SECO.PC.ZS,..,..,..,..,..,..,..,..,..,..,..,..,..,..,..,..,..
Gabon,GAB,"Government expenditure per student, tertiary (% of GDP per capita)",SE.XPD.TERT.PC.ZS,..,..,..,..,..,..,..,..,..,..,..,..,..,..,..,..,..
Gabon,GAB,"Government expenditure on education, total (% of GDP)",SE.XPD.TOTL.GD.ZS,..,..,3.07808995246887,2.987459897995,3.01340007781982,3.02971005439758,2.66667008399963,2.82435985823512,2.66773089670199,3.55570801059931,3.071542956299,2.87430983233369,3.39874087928788,2.7007928993976,2.20773650357931,2.31594287726056,..
Gabon,GAB,"Government expenditure on education, total (% of government expenditure)",SE.XPD.TOTL.GB.ZS,..,..,13.3304195404053,13.5340795516968,12.5822696685791,8.73756980895996,11.225489616394,11.6105217333224,10.3015422456439,15.2766716935965,14.6146271384588,14.0744772919358,15.7641649523771,15.3551631854332,13.8033786137402,13.5658233667537,..
Gabon,GAB,"Adolescent fertility rate (births per 1,000 women ages 15-19)",SP.ADO.TFRT,116.72,117.179,117.319,115.331,111.976,108.161,104.465,101.746,99.801,98.88,98.055,97.632,96.307,94.925,93.319,91.707,..
Gabon,GAB,Expenditure on primary education (% of government expenditure on education),SE.XPD.PRIM.ZS,..,..,29.6186,29.78869,27.17582,25.24234,29.23549,..,..,..,..,..,..,..,..,..,..
Gabon,GAB,Expenditure on secondary education (% of government expenditure on education),SE.XPD.SECO.ZS,..,..,28.25615,31.42326,34.59761,26.11279,28.93875,..,..,..,..,..,..,..,..,..,..
Gabon,GAB,Expenditure on tertiary education (% of government expenditure on education),SE.XPD.TERT.ZS,..,..,37.84394,34.09083,33.89354,45.35416,37.82598,..,..,..,..,..,..,..,..,..,..
Gabon,GAB,"Labor force participation rate for ages 15-24, female (%) (modeled ILO estimate)",SL.TLF.ACTI.1524.FE.ZS,16.277,16.084,15.93,15.806,15.694,15.588,15.504,15.457,15.454,15.487,15.534,15.577,13.979,14.466,15.437,15.426,15.425
Gabon,GAB,"Labor force participation rate for ages 15-24, female (%) (national estimate)",SL.TLF.ACTI.1524.FE.NE.ZS,..,..,15.93,..,..,..,..,..,..,..,..,..,..,..,..,..,..
Gabon,GAB,"Labor force participation rate for ages 15-24, male (%) (modeled ILO estimate)",SL.TLF.ACTI.1524.MA.ZS,21.548,21.116,20.77,20.493,20.245,20.011,19.825,19.721,19.715,19.788,19.892,19.986,18.112,18.534,20.26,20.224,20.134
Gabon,GAB,"Labor force participation rate for ages 15-24, male (%) (national estimate)",SL.TLF.ACTI.1524.MA.NE.ZS,..,..,20.77,..,..,..,..,..,..,..,..,..,..,..,..,..,..
Gabon,GAB,"Labor force participation rate for ages 15-24, total (%) (modeled ILO estimate)",SL.TLF.ACTI.1524.ZS,18.942,18.632,18.384,18.186,18.009,17.84,17.705,17.627,17.619,17.667,17.738,17.801,16.06,16.51,17.857,17.831,17.785
Gabon,GAB,"Labor force participation rate for ages 15-24, total (%) (national estimate)",SL.TLF.ACTI.1524.NE.ZS,..,..,18.26,..,..,..,..,..,..,..,..,..,..,..,..,..,..
Gabon,GAB,"Labor force participation rate, female (% of female population ages 15+) (modeled ILO estimate)",SL.TLF.CACT.FE.ZS,39.455,39.732,40.025,40.322,40.622,40.925,41.208,41.453,41.649,41.796,41.909,41.994,39.063,39.763,41.904,41.876,41.808
Gabon,GAB,"Labor force participation rate, female (% of female population ages 15+) (national estimate)",SL.TLF.CACT.FE.NE.ZS,..,..,39.91,..,..,..,..,..,..,..,..,..,..,..,..,..,..
Gabon,GAB,"Labor force participation rate, female (% of female population ages 15-64) (modeled ILO estimate)",SL.TLF.ACTI.FE.ZS,41.195,41.455,41.744,42.04,42.341,42.645,42.929,43.18,43.382,43.534,43.652,43.746,40.712,41.413,43.639,43.621,43.569
Gabon,GAB,Population growth (annual %),SP.POP.GROW,3.22072516127824,3.32765333333101,3.44994267851283,3.54739719912158,3.57746904510728,3.52009296367142,3.35844001734251,3.11465625322556,2.86485541015556,2.65889572463952,2.53688289832205,2.47279132038176,2.38922359813697,2.30612435799096,2.24763901253797,2.19891289669511,2.15636509762581
Gabon,GAB,Women who were first married by age 15 (% of women ages 20-24),SP.M15.2024.FE.ZS,..,..,..,..,5.6,..,..,..,..,..,..,..,..,2.9,..,..,..
Gabon,GAB,Women who were first married by age 18 (% of women ages 20-24),SP.M18.2024.FE.ZS,..,..,..,..,21.9,..,..,..,..,..,..,..,..,13.3,..,..,..
Gabon,GAB,Women's share of population ages 15+ living with HIV (%),SH.DYN.AIDS.FE.ZS,68.8984052649291,68.5722975519871,68.2515583290297,68.0255625595596,67.9652995762104,68.0327502077441,68.183735216731,68.3830260002397,68.6420210336108,68.9632240396125,69.301908454326,69.6539129524861,70.0383622255456,70.4198337057179,70.7275920399958,70.9522556974599,71.1616217697632
Rwanda,RWA,"GDP per capita, PPP (current international $)",NY.GDP.PCAP.PP.CD,1190.7575798332,1240.54972631385,1314.13559494324,1412.90752155318,1454.52507891388,1512.24171253848,1677.56869684182,1780.74171636863,1866.38968530286,1967.94286602499,2125.49522712839,2336.03967302732,2284.89889795328,2733.43566762447,3098.67700634994,3399.45174603143,3710.86040434596
Rwanda,RWA,Poverty headcount ratio at $3.00 a day (2021 PPP) (% of population),SI.POV.DDAY,..,..,70.2,..,..,65.2,..,..,63.8,..,..,..,..,..,..,38.6,..
Rwanda,RWA,Rural population (% of total population),SP.RUR.TOTL.ZS,83.0829132936196,83.0793105573645,83.0744419689386,83.0676413118727,83.0589751117852,82.9257793946388,82.4979283460244,81.8046850141584,80.8786048213452,79.7522431898889,78.4581555420936,77.0288973002638,75.4970238867034,73.8950907237167,72.2193297262239,71.1444689354523,70.1150285705917
Rwanda,RWA,"Government expenditure per student, primary (% of GDP per capita)",SE.XPD.PRIM.PC.ZS,7.38939,..,7.64487,6.33984,7.22609,6.54429,..,5.54209,5.47035,..,4.25557,..,..,..,..,..,..
Rwanda,RWA,"Government expenditure per student, secondary (% of GDP per capita)",SE.XPD.SECO.PC.ZS,30.79338,..,34.49434,36.07236,32.57273,37.42272,..,31.21191,37.14513,..,21.67381,..,..,..,..,..,..
Rwanda,RWA,"Government expenditure per student, tertiary (% of GDP per capita)",SE.XPD.TERT.PC.ZS,199.86622,..,173.51484,116.61996,88.41959,94.92863,..,107.95651,..,..,97.65851,..,..,..,..,..,..
Rwanda,RWA,"Government expenditure on education, total (% of GDP)",SE.XPD.TOTL.GD.ZS,3.50216007232666,..,4.63126993179321,4.38346004486084,4.42103004455566,4.7421498298645,4.19644021987915,3.64711999893189,3.43483996391296,3.1247398853302,3.07375001907349,3.23821222605582,3.33309745728459,5.58984994888306,4.74623012542725,4.92004013061523,4.69134998321533
Rwanda,RWA,"Government expenditure on education, total (% of government expenditure)",SE.XPD.TOTL.GB.ZS,15.5915098190308,..,17.548059463501,15.3433799743652,15.8154697418213,16.8596305847168,13.7343196868897,12.5390501022339,12.2783899307251,11.0796098709106,10.8046102523804,10.9981460523976,10.7835245127746,15.5322399139404,12.7661399841309,15.024640083313,14.1909799575806
Rwanda,RWA,"Adolescent fertility rate (births per 1,000 women ages 15-19)",SP.ADO.TFRT,40.587,41.077,42.084,41.601,40.658,40.826,39.77,38.552,36.55,34.251,32.495,32.019,31.514,31.158,31.057,30.779,..
Rwanda,RWA,Expenditure on primary education (% of government expenditure on education),SE.XPD.PRIM.ZS,45.59538,..,36.73722,31.8464,36.24898,30.11024,..,32.66495,34.61112,..,28.56429,..,..,..,..,..,..
Rwanda,RWA,Expenditure on secondary education (% of government expenditure on education),SE.XPD.SECO.ZS,24.98727,..,30.68117,37.64952,36.48545,41.71371,..,42.62479,52.82524,..,38.25006,..,..,..,..,..,..
Rwanda,RWA,Expenditure on tertiary education (% of government expenditure on education),SE.XPD.TERT.ZS,25.40973,..,22.74969,18.43491,13.26898,14.0221,..,20.85792,..,..,19.82273,..,..,..,..,..,..
Rwanda,RWA,"Labor force participation rate for ages 15-24, female (%) (modeled ILO estimate)",SL.TLF.ACTI.1524.FE.ZS,44.002,43.88,43.667,43.399,43.112,42.855,42.585,42.273,41.941,41.582,39.825,39.543,45.168,36.41,37.559,42.466,45.358
Rwanda,RWA,"Labor force participation rate for ages 15-24, female (%) (national estimate)",SL.TLF.ACTI.1524.FE.NE.ZS,..,..,..,..,..,..,65.215,..,..,41.608,39.952,39.593,45.072,36.352,37.332,42.407,45.482
Rwanda,RWA,"Labor force participation rate for ages 15-24, male (%) (modeled ILO estimate)",SL.TLF.ACTI.1524.MA.ZS,49.827,49.497,49.039,48.512,47.978,47.441,46.928,46.405,45.795,45.092,45.5,44.225,50.43,41.068,42.29,48.227,52.11
Rwanda,RWA,"Labor force participation rate for ages 15-24, male (%) (national estimate)",SL.TLF.ACTI.1524.MA.NE.ZS,..,..,..,..,..,..,65.701,..,..,45.131,45.517,44.226,50.517,41.137,42.482,48.287,52.031
Rwanda,RWA,"Labor force participation rate for ages 15-24, total (%) (modeled ILO estimate)",SL.TLF.ACTI.1524.ZS,46.853,46.631,46.299,45.904,45.497,45.104,44.717,44.304,43.837,43.31,42.619,41.849,47.76,38.706,39.893,45.313,48.702
Rwanda,RWA,"Labor force participation rate for ages 15-24, total (%) (national estimate)",SL.TLF.ACTI.1524.NE.ZS,..,..,..,..,..,..,65.452,..,..,43.31,42.62,41.85,47.759,38.705,39.892,45.313,48.702
Rwanda,RWA,"Labor force participation rate, female (% of female population ages 15+) (modeled ILO estimate)",SL.TLF.CACT.FE.ZS,54.053,54.086,54.141,54.209,54.283,54.357,54.433,54.516,54.612,54.723,54.156,51.87,56.652,52.58,54.695,58.044,57.099
Rwanda,RWA,"Labor force participation rate, female (% of female population ages 15+) (national estimate)",SL.TLF.CACT.FE.NE.ZS,..,..,..,..,71.75,..,83.718,..,..,54.802,54.245,51.944,56.716,52.651,54.756,58.143,57.202
Rwanda,RWA,"Labor force participation rate, female (% of female population ages 15-64) (modeled ILO estimate)",SL.TLF.ACTI.FE.ZS,55.822,55.889,55.975,56.074,56.183,56.291,56.412,56.555,56.715,56.892,56.311,53.973,59.069,55.035,57.182,60.563,59.853
Rwanda,RWA,Population growth (annual %),SP.POP.GROW,2.62837643087324,2.57922030255665,2.52365134392041,2.45262873450153,2.39380128171382,2.40340085493768,2.41721473954366,2.39322566941773,2.36997866838859,2.34556709244995,2.31630729613291,2.28086099658628,2.24244883430144,2.1909353521865,2.19046619232976,2.1984982050137,2.14176839550509
Rwanda,RWA,Women who were first married by age 15 (% of women ages 20-24),SP.M15.2024.FE.ZS,..,..,0.8,..,..,..,..,0.4,..,..,..,..,0.3,..,..,..,..
Rwanda,RWA,Women who were first married by age 18 (% of women ages 20-24),SP.M18.2024.FE.ZS,..,..,8.1,..,..,..,..,6.8,..,..,..,..,5.5,..,..,..,..
Rwanda,RWA,Women's share of population ages 15+ living with HIV (%),SH.DYN.AIDS.FE.ZS,61.5372862098465,61.5998414003647,61.651421653866,61.6945506900001,61.7506631006931,61.86038100635,61.9982512925211,62.1547620254709,62.3054656448477,62.442691970354,62.5731131965828,62.7096813725091,62.8344832365798,62.9589649485533,63.123085511807,63.3081702476281,63.4824908896614
Sao Tome and Principe,STP,"GDP per capita, PPP (current international $)",NY.GDP.PCAP.PP.CD,2801.83579340874,2845.73589383231,2858.56899092769,2914.21285695222,2652.87879478958,2945.73664283744,3233.3568807314,3171.50905832741,3319.54261733278,3436.31010124694,3941.03280858409,4655.48496449805,5144.53560286014,5732.69456061536,6033.6811722183,6149.98146081932,6241.85614464638
Sao Tome and Principe,STP,Poverty headcount ratio at $3.00 a day (2021 PPP) (% of population),SI.POV.DDAY,..,..,18.9,..,..,..,..,..,..,13,..,..,..,..,..,..,..
Sao Tome and Principe,STP,Rural population (% of total population),SP.RUR.TOTL.ZS,36.1309866576801,34.9167686629633,33.9427799271709,33.2724022389298,32.9664110551868,32.8693313598633,32.7393264770508,32.6084289550781,32.4781112670898,32.3479995727539,32.2171173095703,32.0870056152344,31.9563293457031,31.8261032104492,31.6279080201659,31.3956078896432,31.1289829815116
Sao Tome and Principe,STP,"Government expenditure per student, primary (% of GDP per capita)",SE.XPD.PRIM.PC.ZS,..,..,..,..,18.15703,17.50715,11.87365,..,..,..,..,..,..,..,..,..,..
Sao Tome and Principe,STP,"Government expenditure per student, secondary (% of GDP per capita)",SE.XPD.SECO.PC.ZS,..,..,..,..,18.0547,19.08887,8.55706,..,..,..,..,..,..,..,..,..,..
Sao Tome and Principe,STP,"Government expenditure per student, tertiary (% of GDP per capita)",SE.XPD.TERT.PC.ZS,..,..,..,..,135.53961,..,41.93097,..,..,..,..,..,..,..,..,..,..
Sao Tome and Principe,STP,"Government expenditure on education, total (% of GDP)",SE.XPD.TOTL.GD.ZS,5.5544900894165,9.99429035186768,9.9882698059082,8.79410245042467,6.92846012115479,6.68509006500244,4.4321699142456,4.69794988632202,6.11515998840332,5.87489986419678,5.62454986572266,6.10573891896978,5.02931173372591,5.53985041124283,5.19392101712613,5.0288576428727,..
Sao Tome and Principe,STP,"Government expenditure on education, total (% of government expenditure)",SE.XPD.TOTL.GB.ZS,18.2486305236816,20.5607795715332,19.3274097442627,11.3804157822642,13.7216196060181,18.8296699523926,12.3246698379517,11.2973403930664,15.9666795730591,18.3999996185303,20.1165409088135,17.5924450901,16.1259357979116,16.5841912023207,17.086328518452,18.3450062516556,18.0866969516388
Sao Tome and Principe,STP,"Adolescent fertility rate (births per 1,000 women ages 15-19)",SP.ADO.TFRT,125.332,126.434,125.905,121.66,117.495,109.97,105.161,101.935,97.439,93.609,91.095,89.959,88.99,87.903,86.779,86.195,..
Sao Tome and Principe,STP,Expenditure on primary education (% of government expenditure on education),SE.XPD.PRIM.ZS,..,..,..,..,51.52398,53.29614,55.81724,..,..,..,..,..,..,..,..,..,..
Sao Tome and Principe,STP,Expenditure on secondary education (% of government expenditure on education),SE.XPD.SECO.ZS,..,..,..,..,21.255,26.96681,22.60819,..,..,..,..,..,..,..,..,..,..
Sao Tome and Principe,STP,Expenditure on tertiary education (% of government expenditure on education),SE.XPD.TERT.ZS,..,..,..,..,16.12556,8.25518,9.60057,..,..,..,..,..,..,..,..,..,..
Sao Tome and Principe,STP,"Labor force participation rate for ages 15-24, female (%) (modeled ILO estimate)",SL.TLF.ACTI.1524.FE.ZS,22.248,22.26,22.248,22.184,22.177,22.19,22.141,22.056,21.823,21.521,21.158,20.776,19.703,20.141,20.3,20.075,19.898
Sao Tome and Principe,STP,"Labor force participation rate for ages 15-24, female (%) (national estimate)",SL.TLF.ACTI.1524.FE.NE.ZS,..,..,..,..,..,..,..,..,..,27.857,..,..,..,..,..,..,..
Sao Tome and Principe,STP,"Labor force participation rate for ages 15-24, male (%) (modeled ILO estimate)",SL.TLF.ACTI.1524.MA.ZS,25.255,25.31,25.256,25.135,25.154,25.301,25.335,25.174,24.898,24.461,23.926,23.27,22.31,22.502,22.852,22.807,22.744
Sao Tome and Principe,STP,"Labor force participation rate for ages 15-24, male (%) (national estimate)",SL.TLF.ACTI.1524.MA.NE.ZS,..,..,..,..,..,..,..,..,..,33.933,..,..,..,..,..,..,..
Sao Tome and Principe,STP,"Labor force participation rate for ages 15-24, total (%) (modeled ILO estimate)",SL.TLF.ACTI.1524.ZS,23.767,23.8,23.767,23.673,23.677,23.755,23.744,23.616,23.356,22.981,22.527,22.005,20.986,21.303,21.557,21.423,21.304
Sao Tome and Principe,STP,"Labor force participation rate for ages 15-24, total (%) (national estimate)",SL.TLF.ACTI.1524.NE.ZS,..,..,..,..,..,..,..,..,..,30.867,..,..,..,..,..,..,..
Sao Tome and Principe,STP,"Labor force participation rate, female (% of female population ages 15+) (modeled ILO estimate)",SL.TLF.CACT.FE.ZS,22.73,22.719,22.727,22.754,22.752,22.728,22.731,22.768,22.844,22.955,23.092,23.25,22.649,22.936,23.014,22.874,22.771
Sao Tome and Principe,STP,"Labor force participation rate, female (% of female population ages 15+) (national estimate)",SL.TLF.CACT.FE.NE.ZS,..,..,..,..,..,..,..,..,..,30.374,..,..,..,..,..,..,..
Sao Tome and Principe,STP,"Labor force participation rate, female (% of female population ages 15-64) (modeled ILO estimate)",SL.TLF.ACTI.FE.ZS,22.519,22.513,22.524,22.557,22.56,22.546,22.559,22.6,22.696,22.827,22.987,23.165,22.566,22.832,22.998,22.872,22.782
Sao Tome and Principe,STP,Population growth (annual %),SP.POP.GROW,2.38327636004872,2.30924305588459,2.1960816383463,2.09396113456698,2.02092788368455,1.93896614465408,1.85635532189371,1.77510214302047,1.6823011731644,1.59795344333085,1.54237554431048,1.51332392108067,1.87691054092554,2.06017354745306,1.93819561963228,1.99754660166419,2.0004655038868
Sao Tome and Principe,STP,Women who were first married by age 15 (% of women ages 20-24),SP.M15.2024.FE.ZS,..,5,..,..,..,..,..,..,..,..,..,5.4,..,..,..,..,..
Sao Tome and Principe,STP,Women who were first married by age 18 (% of women ages 20-24),SP.M18.2024.FE.ZS,..,34.4,..,..,..,..,..,..,..,..,..,28,..,..,..,..,..
Sao Tome and Principe,STP,Women's share of population ages 15+ living with HIV (%),SH.DYN.AIDS.FE.ZS,48.5806110754384,48.8568685144409,49.1511210456103,49.4711310842865,49.631534298961,49.9006222204208,50.3268825738165,50.6439622410186,50.7917256553896,50.8274446080001,50.7534784795413,50.6518973740838,50.6256468995793,50.8686432671352,51.1340245038523,51.3368401307526,51.5243448085818
,,,,,,,,,,,,,,,,,,,,
,,,,,,,,,,,,,,,,,,,,
,,,,,,,,,,,,,,,,,,,,
Data from database: World Development Indicators,,,,,,,,,,,,,,,,,,,,
Last Updated: 01/28/2026,,,,,,,,,,,,,,,,,,,,
